Datetime,Close,High,Low,Open,Volume
2025-04-23 00:00:00+00:00,4.281280040740967,4.286799907684326,4.280099868774414,4.282969951629639,0
2025-04-23 01:00:00+00:00,4.2855000495910645,4.285600185394287,4.278170108795166,4.280519962310791,0
2025-04-23 02:00:00+00:00,4.2837300300598145,4.288599967956543,4.281869888305664,4.286200046539307,0
2025-04-23 03:00:00+00:00,4.28371000289917,4.288000106811523,4.282710075378418,4.283170223236084,0
2025-04-23 04:00:00+00:00,4.2846598625183105,4.287300109863281,4.282690048217773,4.282700061798096,0
2025-04-23 05:00:00+00:00,4.281889915466309,4.286799907684326,4.281070232391357,4.284739971160889,0
2025-04-23 06:00:00+00:00,4.282340049743652,4.28695011138916,4.281499862670898,4.28203010559082,0
2025-04-23 07:00:00+00:00,4.283999919891357,4.287089824676514,4.2779998779296875,4.281000137329102,0
2025-04-23 08:00:00+00:00,4.287479877471924,4.290200233459473,4.27869987487793,4.2835001945495605,0
2025-04-23 09:00:00+00:00,4.291600227355957,4.295599937438965,4.2870001792907715,4.287930011749268,0
2025-04-23 10:00:00+00:00,4.292439937591553,4.294600009918213,4.2895002365112305,4.29157018661499,0
2025-04-23 11:00:00+00:00,4.291790008544922,4.293610095977783,4.2895002365112305,4.292439937591553,0
2025-04-23 12:00:00+00:00,4.2901201248168945,4.291790008544922,4.2855000495910645,4.291790008544922,0
2025-04-23 13:00:00+00:00,4.285799980163574,4.2902398109436035,4.284289836883545,4.289999961853027,0
2025-04-23 14:00:00+00:00,4.275750160217285,4.2862701416015625,4.27400016784668,4.286250114440918,0
2025-04-23 15:00:00+00:00,4.27692985534668,4.280200004577637,4.273990154266357,4.275760173797607,0
2025-04-23 16:00:00+00:00,4.277490139007568,4.277599811553955,4.276000022888184,4.276450157165527,0
2025-04-23 17:00:00+00:00,4.281529903411865,4.28380012512207,4.2754998207092285,4.277369976043701,0
2025-04-23 18:00:00+00:00,4.284540176391602,4.286600112915039,4.2820000648498535,4.283070087432861,0
2025-04-23 19:00:00+00:00,4.285379886627197,4.286499977111816,4.283850193023682,4.284279823303223,0
2025-04-23 20:00:00+00:00,4.27810001373291,4.286789894104004,4.27810001373291,4.285789966583252,0
2025-04-23 21:00:00+00:00,4.274899959564209,4.281099796295166,4.274899959564209,4.281099796295166,0
2025-04-23 22:00:00+00:00,4.285900115966797,4.286099910736084,4.277100086212158,4.277100086212158,0
2025-04-23 23:00:00+00:00,4.28380012512207,4.285799980163574,4.276899814605713,4.285799980163574,0
2025-04-24 00:00:00+00:00,4.28380012512207,4.285799980163574,4.2835001945495605,4.284939765930176,0
2025-04-24 01:00:00+00:00,4.28380012512207,4.285399913787842,4.283760070800781,4.28380012512207,0
2025-04-24 02:00:00+00:00,4.28380012512207,4.285699844360352,4.282100200653076,4.28380012512207,0
2025-04-24 03:00:00+00:00,4.28380012512207,4.285799980163574,4.283699989318848,4.283740043640137,0
2025-04-24 04:00:00+00:00,4.28380012512207,4.285099983215332,4.2837700843811035,4.28380012512207,0
2025-04-24 05:00:00+00:00,4.283370018005371,4.284900188446045,4.2820000648498535,4.28380012512207,0
2025-04-24 06:00:00+00:00,4.27564001083374,4.2855000495910645,4.274499893188477,4.283349990844727,0
2025-04-24 07:00:00+00:00,4.279880046844482,4.28400993347168,4.273799896240234,4.276040077209473,0
2025-04-24 08:00:00+00:00,4.277299880981445,4.2815399169921875,4.2754998207092285,4.279079914093018,0
2025-04-24 09:00:00+00:00,4.280049800872803,4.28410005569458,4.276000022888184,4.277900218963623,0
2025-04-24 10:00:00+00:00,4.278200149536133,4.280200004577637,4.2769999504089355,4.279890060424805,0
2025-04-24 11:00:00+00:00,4.2736101150512695,4.2789998054504395,4.272500038146973,4.277900218963623,0
2025-04-24 12:00:00+00:00,4.27455997467041,4.274899959564209,4.2657999992370605,4.2736101150512695,0
2025-04-24 13:00:00+00:00,4.270579814910889,4.275400161743164,4.269000053405762,4.274569988250732,0
2025-04-24 14:00:00+00:00,4.266590118408203,4.27269983291626,4.263500213623047,4.270500183105469,0
2025-04-24 15:00:00+00:00,4.266870021820068,4.268539905548096,4.264500141143799,4.266660213470459,0
2025-04-24 16:00:00+00:00,4.270699977874756,4.271240234375,4.263999938964844,4.266769886016846,0
2025-04-24 17:00:00+00:00,4.268650054931641,4.271500110626221,4.267280101776123,4.268700122833252,0
2025-04-24 18:00:00+00:00,4.269800186157227,4.27239990234375,4.267499923706055,4.268449783325195,0
2025-04-24 19:00:00+00:00,4.270349979400635,4.271900177001953,4.2683000564575195,4.269279956817627,0
2025-04-24 20:00:00+00:00,4.271500110626221,4.273900032043457,4.26800012588501,4.271440029144287,0
2025-04-24 21:00:00+00:00,4.268700122833252,4.269100189208984,4.26639986038208,4.267300128936768,0
2025-04-24 22:00:00+00:00,4.271100044250488,4.272900104522705,4.268799781799316,4.269999980926514,0
2025-04-24 23:00:00+00:00,4.271900177001953,4.275199890136719,4.2689900398254395,4.26954984664917,0
2025-04-25 00:00:00+00:00,4.276050090789795,4.27869987487793,4.269999980926514,4.2706298828125,0
2025-04-25 01:00:00+00:00,4.275949954986572,4.277500152587891,4.273900032043457,4.276050090789795,0
2025-04-25 02:00:00+00:00,4.27577018737793,4.277500152587891,4.27524995803833,4.275720119476318,0
2025-04-25 03:00:00+00:00,4.275269985198975,4.276400089263916,4.2729997634887695,4.275750160217285,0
2025-04-25 04:00:00+00:00,4.275559902191162,4.276100158691406,4.272299766540527,4.2752299308776855,0
2025-04-25 05:00:00+00:00,4.273600101470947,4.2758002281188965,4.272830009460449,4.2748799324035645,0
2025-04-25 06:00:00+00:00,4.2689900398254395,4.2743000984191895,4.26800012588501,4.273499965667725,0
2025-04-25 07:00:00+00:00,4.267509937286377,4.271200180053711,4.264500141143799,4.268620014190674,0
2025-04-25 08:00:00+00:00,4.268189907073975,4.270100116729736,4.265500068664551,4.2676801681518555,0
2025-04-25 09:00:00+00:00,4.271880149841309,4.275199890136719,4.265999794006348,4.268070220947266,0
2025-04-25 10:00:00+00:00,4.270219802856445,4.272600173950195,4.265500068664551,4.272220134735107,0
2025-04-25 11:00:00+00:00,4.267380237579346,4.273509979248047,4.264999866485596,4.2706298828125,0
2025-04-25 12:00:00+00:00,4.2691497802734375,4.272389888763428,4.265999794006348,4.268099784851074,0
2025-04-25 13:00:00+00:00,4.266170024871826,4.2687201499938965,4.261000156402588,4.2687201499938965,0
2025-04-25 14:00:00+00:00,4.2716898918151855,4.273709774017334,4.264860153198242,4.2652997970581055,0
2025-04-25 15:00:00+00:00,4.27646017074585,4.278500080108643,4.270999908447266,4.27308988571167,0
2025-04-25 16:00:00+00:00,4.275519847869873,4.278299808502197,4.275370121002197,4.276549816131592,0
2025-04-25 17:00:00+00:00,4.274620056152344,4.277100086212158,4.273960113525391,4.275609970092773,0
2025-04-25 18:00:00+00:00,4.274310111999512,4.275899887084961,4.274199962615967,4.27446985244751,0
2025-04-25 19:00:00+00:00,4.270730018615723,4.275199890136719,4.270269870758057,4.273900032043457,0
2025-04-25 20:00:00+00:00,4.264599800109863,4.276299953460693,4.264599800109863,4.271739959716797,0
2025-04-25 21:00:00+00:00,4.267499923706055,4.267499923706055,4.267499923706055,4.267499923706055,0
2025-04-27 23:00:00+00:00,4.269700050354004,4.269800186157227,4.267300128936768,4.269100189208984,0
2025-04-28 00:00:00+00:00,4.272299766540527,4.273399829864502,4.268599987030029,4.269700050354004,0
2025-04-28 01:00:00+00:00,4.2743000984191895,4.274700164794922,4.271299839019775,4.271299839019775,0
2025-04-28 02:00:00+00:00,4.2743000984191895,4.275400161743164,4.274179935455322,4.2743000984191895,0
2025-04-28 03:00:00+00:00,4.2754998207092285,4.275899887084961,4.2743000984191895,4.274499893188477,0
2025-04-28 04:00:00+00:00,4.274199962615967,4.275899887084961,4.274199962615967,4.275899887084961,0
2025-04-28 05:00:00+00:00,4.27370023727417,4.274600028991699,4.273399829864502,4.27400016784668,0
2025-04-28 06:00:00+00:00,4.271299839019775,4.272299766540527,4.268509864807129,4.272299766540527,0
2025-04-28 07:00:00+00:00,4.271900177001953,4.275599956512451,4.269999980926514,4.270699977874756,0
2025-04-28 08:00:00+00:00,4.274720191955566,4.278439998626709,4.269700050354004,4.27400016784668,0
2025-04-28 09:00:00+00:00,4.274869918823242,4.278049945831299,4.272280216217041,4.2741498947143555,0
2025-04-28 10:00:00+00:00,4.275969982147217,4.278779983520508,4.274499893188477,4.275060176849365,0
2025-04-28 11:00:00+00:00,4.275020122528076,4.276710033416748,4.270699977874756,4.276450157165527,0
2025-04-28 12:00:00+00:00,4.279580116271973,4.282199859619141,4.273990154266357,4.2751898765563965,0
2025-04-28 13:00:00+00:00,4.278180122375488,4.280900001525879,4.275839805603027,4.279809951782227,0
2025-04-28 14:00:00+00:00,4.267119884490967,4.2795000076293945,4.264599800109863,4.278429985046387,0
2025-04-28 15:00:00+00:00,4.264800071716309,4.2687201499938965,4.263299942016602,4.266580104827881,0
2025-04-28 16:00:00+00:00,4.266880035400391,4.266910076141357,4.264500141143799,4.264500141143799,0
2025-04-28 17:00:00+00:00,4.265590190887451,4.266900062561035,4.2639899253845215,4.266439914703369,0
2025-04-28 18:00:00+00:00,4.264389991760254,4.2657999992370605,4.2639899253845215,4.2644500732421875,0
2025-04-28 19:00:00+00:00,4.263669967651367,4.264900207519531,4.263319969177246,4.2642598152160645,0
2025-04-28 20:00:00+00:00,4.262569904327393,4.266749858856201,4.261600017547607,4.263480186462402,0
2025-04-28 21:00:00+00:00,4.264800071716309,4.267199993133545,4.262599945068359,4.264999866485596,0
2025-04-28 22:00:00+00:00,4.264800071716309,4.268499851226807,4.264800071716309,4.264800071716309,0
2025-04-28 23:00:00+00:00,4.265309810638428,4.269400119781494,4.264800071716309,4.264800071716309,0
2025-04-29 00:00:00+00:00,4.264750003814697,4.2667999267578125,4.2636399269104,4.265500068664551,0
2025-04-29 01:00:00+00:00,4.264110088348389,4.26669979095459,4.2635498046875,4.264019966125488,0
2025-04-29 02:00:00+00:00,4.2642998695373535,4.266600131988525,4.26230001449585,4.263969898223877,0
2025-04-29 03:00:00+00:00,4.26393985748291,4.266300201416016,4.263539791107178,4.2636399269104,0
2025-04-29 04:00:00+00:00,4.2657999992370605,4.267000198364258,4.2635297775268555,4.2635698318481445,0
2025-04-29 05:00:00+00:00,4.265309810638428,4.2677998542785645,4.2652997970581055,4.26531982421875,0
2025-04-29 06:00:00+00:00,4.270299911499023,4.271299839019775,4.264800071716309,4.26540994644165,0
2025-04-29 07:00:00+00:00,4.267789840698242,4.270050048828125,4.26347017288208,4.270050048828125,0
2025-04-29 08:00:00+00:00,4.263649940490723,4.269899845123291,4.262149810791016,4.268050193786621,0
2025-04-29 09:00:00+00:00,4.2650299072265625,4.2657999992370605,4.256499767303467,4.263289928436279,0
2025-04-29 10:00:00+00:00,4.266160011291504,4.268509864807129,4.262959957122803,4.2657599449157715,0
2025-04-29 11:00:00+00:00,4.268929958343506,4.270699977874756,4.264900207519531,4.2660298347473145,0
2025-04-29 12:00:00+00:00,4.270130157470703,4.273600101470947,4.267730236053467,4.268509864807129,0
2025-04-29 13:00:00+00:00,4.269100189208984,4.273940086364746,4.269100189208984,4.270140171051025,0
2025-04-29 14:00:00+00:00,4.268610000610352,4.271699905395508,4.265620231628418,4.265620231628418,0
2025-04-29 15:00:00+00:00,4.2712202072143555,4.272520065307617,4.2683000564575195,4.268809795379639,0
2025-04-29 16:00:00+00:00,4.270969867706299,4.271999835968018,4.270279884338379,4.270830154418945,0
2025-04-29 17:00:00+00:00,4.267640113830566,4.271329879760742,4.267640113830566,4.270770072937012,0
2025-04-29 18:00:00+00:00,4.266560077667236,4.268710136413574,4.266200065612793,4.267580032348633,0
2025-04-29 19:00:00+00:00,4.264900207519531,4.2677998542785645,4.264599800109863,4.2667999267578125,0
2025-04-29 20:00:00+00:00,4.265500068664551,4.267300128936768,4.2646098136901855,4.264729976654053,0
2025-04-29 21:00:00+00:00,4.264709949493408,4.268400192260742,4.263700008392334,4.264400005340576,0
2025-04-29 22:00:00+00:00,4.264729976654053,4.269199848175049,4.264200210571289,4.2647199630737305,0
2025-04-29 23:00:00+00:00,4.265349864959717,4.269400119781494,4.2641801834106445,4.2641801834106445,0
2025-04-30 00:00:00+00:00,4.267940044403076,4.269499778747559,4.264830112457275,4.267499923706055,0
2025-04-30 01:00:00+00:00,4.266860008239746,4.269700050354004,4.264679908752441,4.267139911651611,0
2025-04-30 02:00:00+00:00,4.26584005355835,4.268499851226807,4.2652201652526855,4.265779972076416,0
2025-04-30 03:00:00+00:00,4.267399787902832,4.268099784851074,4.264800071716309,4.266129970550537,0
2025-04-30 04:00:00+00:00,4.266670227050781,4.269000053405762,4.265719890594482,4.267399787902832,0
2025-04-30 05:00:00+00:00,4.2652997970581055,4.268700122833252,4.2647199630737305,4.266160011291504,0
2025-04-30 06:00:00+00:00,4.267899990081787,4.270349979400635,4.265429973602295,4.265530109405518,0
2025-04-30 07:00:00+00:00,4.270589828491211,4.273799896240234,4.266270160675049,4.267139911651611,0
2025-04-30 08:00:00+00:00,4.276979923248291,4.281330108642578,4.268549919128418,4.268549919128418,0
2025-04-30 09:00:00+00:00,4.272749900817871,4.277589797973633,4.270380020141602,4.275889873504639,0
2025-04-30 10:00:00+00:00,4.269040107727051,4.274020195007324,4.269040107727051,4.27131986618042,0
2025-04-30 11:00:00+00:00,4.273859977722168,4.274370193481445,4.268199920654297,4.268909931182861,0
2025-04-30 12:00:00+00:00,4.276519775390625,4.276740074157715,4.268970012664795,4.273799896240234,0
2025-04-30 13:00:00+00:00,4.277979850769043,4.2805399894714355,4.2746901512146,4.276599884033203,0
2025-04-30 14:00:00+00:00,4.275660037994385,4.279900074005127,4.275300025939941,4.279409885406494,0
2025-04-30 15:00:00+00:00,4.279530048370361,4.281700134277344,4.2754998207092285,4.275720119476318,0
2025-04-30 16:00:00+00:00,4.284629821777344,4.286399841308594,4.278979778289795,4.279530048370361,0
2025-04-30 17:00:00+00:00,4.28341007232666,4.28439998626709,4.281209945678711,4.283909797668457,0
2025-04-30 18:00:00+00:00,4.280479907989502,4.283999919891357,4.279600143432617,4.28302001953125,0
2025-04-30 19:00:00+00:00,4.2800397872924805,4.283699989318848,4.275100231170654,4.280300140380859,0
2025-04-30 20:00:00+00:00,4.276400089263916,4.28410005569458,4.276400089263916,4.279940128326416,0
2025-04-30 21:00:00+00:00,4.274400234222412,4.277500152587891,4.2718000411987305,4.277500152587891,0
2025-04-30 22:00:00+00:00,4.271100044250488,4.276800155639648,4.269499778747559,4.27370023727417,0
2025-04-30 23:00:00+00:00,4.27370023727417,4.2769999504089355,4.2718000411987305,4.273099899291992,0
2025-05-01 00:00:00+00:00,4.276740074157715,4.28000020980835,4.2743000984191895,4.276860237121582,0
2025-05-01 01:00:00+00:00,4.279709815979004,4.281599998474121,4.274799823760986,4.275670051574707,0
2025-05-01 02:00:00+00:00,4.280519962310791,4.2820000648498535,4.278520107269287,4.2799601554870605,0
2025-05-01 03:00:00+00:00,4.281070232391357,4.283299922943115,4.278250217437744,4.280570030212402,0
2025-05-01 04:00:00+00:00,4.280789852142334,4.283199787139893,4.28016996383667,4.28056001663208,0
2025-05-01 05:00:00+00:00,4.277760028839111,4.284200191497803,4.276350021362305,4.281010150909424,0
2025-05-01 06:00:00+00:00,4.279620170593262,4.2820000648498535,4.2764201164245605,4.277040004730225,0
2025-05-01 07:00:00+00:00,4.288750171661377,4.292399883270264,4.279210090637207,4.280129909515381,0
2025-05-01 08:00:00+00:00,4.2863898277282715,4.290599822998047,4.284430027008057,4.288790225982666,0
2025-05-01 09:00:00+00:00,4.287899971008301,4.28849983215332,4.2838897705078125,4.285799980163574,0
2025-05-01 10:00:00+00:00,4.2853899002075195,4.287799835205078,4.284510135650635,4.287799835205078,0
2025-05-01 11:00:00+00:00,4.2784600257873535,4.285999774932861,4.276299953460693,4.284939765930176,0
2025-05-01 12:00:00+00:00,4.281819820404053,4.289599895477295,4.278180122375488,4.2787299156188965,0
2025-05-01 13:00:00+00:00,4.27947998046875,4.282899856567383,4.279300212860107,4.281529903411865,0
2025-05-01 14:00:00+00:00,4.2789998054504395,4.281599998474121,4.274819850921631,4.274849891662598,0
2025-05-01 15:00:00+00:00,4.282189846038818,4.283539772033691,4.27810001373291,4.27869987487793,0
2025-05-01 16:00:00+00:00,4.279699802398682,4.283599853515625,4.2795000076293945,4.281469821929932,0
2025-05-01 17:00:00+00:00,4.2808098793029785,4.281099796295166,4.279339790344238,4.279850006103516,0
2025-05-01 18:00:00+00:00,4.281239986419678,4.281700134277344,4.279719829559326,4.280789852142334,0
2025-05-01 19:00:00+00:00,4.2799601554870605,4.28249979019165,4.279950141906738,4.280409812927246,0
2025-05-01 20:00:00+00:00,4.278049945831299,4.286300182342529,4.278049945831299,4.279900074005127,0
2025-05-01 21:00:00+00:00,4.278200149536133,4.28380012512207,4.277699947357178,4.280300140380859,0
2025-05-01 22:00:00+00:00,4.283999919891357,4.283999919891357,4.27810001373291,4.27810001373291,0
2025-05-01 23:00:00+00:00,4.276800155639648,4.283299922943115,4.2758002281188965,4.281000137329102,0
2025-05-02 00:00:00+00:00,4.2817301750183105,4.285200119018555,4.279009819030762,4.282100200653076,0
2025-05-02 01:00:00+00:00,4.278830051422119,4.283100128173828,4.278830051422119,4.281899929046631,0
2025-05-02 02:00:00+00:00,4.278349876403809,4.282800197601318,4.276770114898682,4.279600143432617,0
2025-05-02 03:00:00+00:00,4.275400161743164,4.280200004577637,4.27515983581543,4.278319835662842,0
2025-05-02 04:00:00+00:00,4.277609825134277,4.278800010681152,4.275279998779297,4.276430130004883,0
2025-05-02 05:00:00+00:00,4.2765398025512695,4.279099941253662,4.27524995803833,4.2765398025512695,0
2025-05-02 06:00:00+00:00,4.274419784545898,4.277599811553955,4.274419784545898,4.276259899139404,0
2025-05-02 07:00:00+00:00,4.276299953460693,4.283100128173828,4.272739887237549,4.275090217590332,0
2025-05-02 08:00:00+00:00,4.2736101150512695,4.2784199714660645,4.273019790649414,4.276000022888184,0
2025-05-02 09:00:00+00:00,4.273849964141846,4.274360179901123,4.268050193786621,4.2692999839782715,0
2025-05-02 10:00:00+00:00,4.2728800773620605,4.276770114898682,4.270480155944824,4.273799896240234,0
2025-05-02 11:00:00+00:00,4.273349761962891,4.273439884185791,4.2711501121521,4.27239990234375,0
2025-05-02 12:00:00+00:00,4.276450157165527,4.278500080108643,4.272709846496582,4.273920059204102,0
2025-05-02 13:00:00+00:00,4.2743000984191895,4.277160167694092,4.271920204162598,4.277160167694092,0
2025-05-02 14:00:00+00:00,4.280590057373047,4.281089782714844,4.266679763793945,4.272799968719482,0
2025-05-02 15:00:00+00:00,4.279319763183594,4.281370162963867,4.277090072631836,4.281219959259033,0
2025-05-02 16:00:00+00:00,4.276370048522949,4.280200004577637,4.275629997253418,4.279329776763916,0
2025-05-02 17:00:00+00:00,4.2743000984191895,4.278900146484375,4.272359848022461,4.276579856872559,0
2025-05-02 18:00:00+00:00,4.274419784545898,4.276100158691406,4.2708001136779785,4.273990154266357,0
2025-05-02 19:00:00+00:00,4.275609970092773,4.276100158691406,4.27370023727417,4.274330139160156,0
2025-05-02 20:00:00+00:00,4.274199962615967,4.2758002281188965,4.270130157470703,4.275420188903809,0
2025-05-02 21:00:00+00:00,4.269400119781494,4.269400119781494,4.269400119781494,4.269400119781494,0
2025-05-04 23:00:00+00:00,4.273900032043457,4.277599811553955,4.271599769592285,4.277599811553955,0
2025-05-05 00:00:00+00:00,4.273099899291992,4.2789998054504395,4.27239990234375,4.274580001831055,0
2025-05-05 01:00:00+00:00,4.27209997177124,4.275000095367432,4.271399974822998,4.273099899291992,0
2025-05-05 02:00:00+00:00,4.2718000411987305,4.274899959564209,4.271699905395508,4.27209997177124,0
2025-05-05 03:00:00+00:00,4.2718000411987305,4.275000095367432,4.2718000411987305,4.2718000411987305,0
2025-05-05 04:00:00+00:00,4.272749900817871,4.275100231170654,4.2718000411987305,4.2718000411987305,0
2025-05-05 05:00:00+00:00,4.27239990234375,4.276500225067139,4.271900177001953,4.272950172424316,0
2025-05-05 06:00:00+00:00,4.277009963989258,4.27839994430542,4.27131986618042,4.271609783172607,0
2025-05-05 07:00:00+00:00,4.271999835968018,4.279970169067383,4.271999835968018,4.277369976043701,0
2025-05-05 08:00:00+00:00,4.2743000984191895,4.277599811553955,4.269499778747559,4.274549961090088,0
2025-05-05 09:00:00+00:00,4.277359962463379,4.278900146484375,4.272500038146973,4.274499893188477,0
2025-05-05 10:00:00+00:00,4.276299953460693,4.2779998779296875,4.2729997634887695,4.277609825134277,0
2025-05-05 11:00:00+00:00,4.276100158691406,4.276939868927002,4.269000053405762,4.276770114898682,0
2025-05-05 12:00:00+00:00,4.266860008239746,4.276100158691406,4.263000011444092,4.276100158691406,0
2025-05-05 13:00:00+00:00,4.263000011444092,4.268899917602539,4.260499954223633,4.2667999267578125,0
2025-05-05 14:00:00+00:00,4.266089916229248,4.268099784851074,4.257400035858154,4.262499809265137,0
2025-05-05 15:00:00+00:00,4.267039775848389,4.270780086517334,4.264999866485596,4.266089916229248,0
2025-05-05 16:00:00+00:00,4.2642598152160645,4.267199993133545,4.263500213623047,4.267049789428711,0
2025-05-05 17:00:00+00:00,4.263000011444092,4.264410018920898,4.262599945068359,4.264389991760254,0
2025-05-05 18:00:00+00:00,4.263199806213379,4.264900207519531,4.262400150299072,4.263000011444092,0
2025-05-05 19:00:00+00:00,4.26200008392334,4.26639986038208,4.26200008392334,4.263400077819824,0
2025-05-05 20:00:00+00:00,4.2612199783325195,4.2652997970581055,4.259379863739014,4.262400150299072,0
2025-05-05 21:00:00+00:00,4.263599872589111,4.264999866485596,4.260900020599365,4.264999866485596,0
2025-05-05 22:00:00+00:00,4.2642998695373535,4.266600131988525,4.263599872589111,4.263599872589111,0
2025-05-05 23:00:00+00:00,4.267099857330322,4.267300128936768,4.26170015335083,4.264599800109863,0
2025-05-06 00:00:00+00:00,4.266429901123047,4.269499778747559,4.260499954223633,4.264220237731934,0
2025-05-06 01:00:00+00:00,4.2639899253845215,4.2683000564575195,4.262430191040039,4.2663397789001465,0
2025-05-06 02:00:00+00:00,4.263160228729248,4.2652997970581055,4.261740207672119,4.263500213623047,0
2025-05-06 03:00:00+00:00,4.263760089874268,4.265200138092041,4.2613301277160645,4.262829780578613,0
2025-05-06 04:00:00+00:00,4.261529922485352,4.2642998695373535,4.261250019073486,4.2635698318481445,0
2025-05-06 05:00:00+00:00,4.26170015335083,4.2652997970581055,4.2606201171875,4.261459827423096,0
2025-05-06 06:00:00+00:00,4.2654500007629395,4.270619869232178,4.260499954223633,4.26177978515625,0
2025-05-06 07:00:00+00:00,4.274109840393066,4.274779796600342,4.263000011444092,4.2653398513793945,0
2025-05-06 08:00:00+00:00,4.280099868774414,4.280580043792725,4.269499778747559,4.2743000984191895,0
2025-05-06 09:00:00+00:00,4.280370235443115,4.283599853515625,4.271699905395508,4.279699802398682,0
2025-05-06 10:00:00+00:00,4.274360179901123,4.285120010375977,4.271999835968018,4.280270099639893,0
2025-05-06 11:00:00+00:00,4.274169921875,4.276100158691406,4.269999980926514,4.2743401527404785,0
2025-05-06 12:00:00+00:00,4.276770114898682,4.277780055999756,4.269000053405762,4.274290084838867,0
2025-05-06 13:00:00+00:00,4.27554988861084,4.277599811553955,4.271999835968018,4.276830196380615,0
2025-05-06 14:00:00+00:00,4.274700164794922,4.276020050048828,4.270999908447266,4.2754597663879395,0
2025-05-06 15:00:00+00:00,4.275489807128906,4.276140213012695,4.2729997634887695,4.274700164794922,0
2025-05-06 16:00:00+00:00,4.2758002281188965,4.2778000831604,4.272200107574463,4.274620056152344,0
2025-05-06 17:00:00+00:00,4.274779796600342,4.2769999504089355,4.273709774017334,4.2758002281188965,0
2025-05-06 18:00:00+00:00,4.275760173797607,4.278200149536133,4.275000095367432,4.2753801345825195,0
2025-05-06 19:00:00+00:00,4.274799823760986,4.276700019836426,4.273799896240234,4.275700092315674,0
2025-05-06 20:00:00+00:00,4.270699977874756,4.2754998207092285,4.269259929656982,4.274799823760986,0
2025-05-06 21:00:00+00:00,4.269999980926514,4.274499893188477,4.269100189208984,4.270400047302246,0
2025-05-06 22:00:00+00:00,4.274700164794922,4.275100231170654,4.273600101470947,4.27370023727417,0
2025-05-06 23:00:00+00:00,4.273799896240234,4.276299953460693,4.272900104522705,4.273799896240234,0
2025-05-07 00:00:00+00:00,4.270699977874756,4.274700164794922,4.2692999839782715,4.27370023727417,0
2025-05-07 01:00:00+00:00,4.272500038146973,4.275700092315674,4.2698798179626465,4.270299911499023,0
2025-05-07 02:00:00+00:00,4.273900032043457,4.276700019836426,4.271200180053711,4.272580146789551,0
2025-05-07 03:00:00+00:00,4.273600101470947,4.2758002281188965,4.2729997634887695,4.274099826812744,0
2025-05-07 04:00:00+00:00,4.273499965667725,4.275300025939941,4.272500038146973,4.273600101470947,0
2025-05-07 05:00:00+00:00,4.273200035095215,4.276299953460693,4.272500038146973,4.273499965667725,0
2025-05-07 06:00:00+00:00,4.272950172424316,4.276529788970947,4.269720077514648,4.269720077514648,0
2025-05-07 07:00:00+00:00,4.272270202636719,4.280200004577637,4.271500110626221,4.2733001708984375,0
2025-05-07 08:00:00+00:00,4.274499893188477,4.2753400802612305,4.265999794006348,4.272170066833496,0
2025-05-07 09:00:00+00:00,4.276909828186035,4.2789998054504395,4.2729997634887695,4.274380207061768,0
2025-05-07 10:00:00+00:00,4.274050235748291,4.280900001525879,4.2733001708984375,4.276889801025391,0
2025-05-07 11:00:00+00:00,4.276589870452881,4.277510166168213,4.270500183105469,4.2733001708984375,0
2025-05-07 12:00:00+00:00,4.277500152587891,4.279550075531006,4.273759841918945,4.27623987197876,0
2025-05-07 13:00:00+00:00,4.270599842071533,4.2769999504089355,4.269499778747559,4.274799823760986,0
2025-05-07 14:00:00+00:00,4.2707600593566895,4.276750087738037,4.26800012588501,4.270909786224365,0
2025-05-07 15:00:00+00:00,4.267159938812256,4.270880222320557,4.266499996185303,4.270780086517334,0
2025-05-07 16:00:00+00:00,4.268270015716553,4.272359848022461,4.265999794006348,4.265999794006348,0
2025-05-07 17:00:00+00:00,4.267000198364258,4.269100189208984,4.266499996185303,4.267849922180176,0
2025-05-07 18:00:00+00:00,4.269519805908203,4.270400047302246,4.2666401863098145,4.266759872436523,0
2025-05-07 19:00:00+00:00,4.270299911499023,4.274700164794922,4.268499851226807,4.2693400382995605,0
2025-05-07 20:00:00+00:00,4.2708001136779785,4.274799823760986,4.268050193786621,4.2691497802734375,0
2025-05-07 21:00:00+00:00,4.27400016784668,4.27400016784668,4.269499778747559,4.27269983291626,0
2025-05-07 22:00:00+00:00,4.2677001953125,4.272200107574463,4.266300201416016,4.268599987030029,0
2025-05-07 23:00:00+00:00,4.272200107574463,4.27239990234375,4.263700008392334,4.2683000564575195,0
2025-05-08 00:00:00+00:00,4.269320011138916,4.269899845123291,4.2623701095581055,4.2652997970581055,0
2025-05-08 01:00:00+00:00,4.272799968719482,4.273200035095215,4.267300128936768,4.269239902496338,0
2025-05-08 02:00:00+00:00,4.272940158843994,4.273600101470947,4.270999908447266,4.272799968719482,0
2025-05-08 03:00:00+00:00,4.272299766540527,4.273119926452637,4.267300128936768,4.273119926452637,0
2025-05-08 04:00:00+00:00,4.267300128936768,4.273099899291992,4.267300128936768,4.272299766540527,0
2025-05-08 05:00:00+00:00,4.266160011291504,4.27239990234375,4.265620231628418,4.267889976501465,0
2025-05-08 06:00:00+00:00,4.269730091094971,4.2713799476623535,4.2657999992370605,4.2657999992370605,0
2025-05-08 07:00:00+00:00,4.269720077514648,4.272500038146973,4.2693400382995605,4.269420146942139,0
2025-05-08 08:00:00+00:00,4.270199775695801,4.271949768066406,4.264500141143799,4.269649982452393,0
2025-05-08 09:00:00+00:00,4.271520137786865,4.273900032043457,4.267499923706055,4.270999908447266,0
2025-05-08 10:00:00+00:00,4.267930030822754,4.272480010986328,4.265500068664551,4.271669864654541,0
2025-05-08 11:00:00+00:00,4.269710063934326,4.270400047302246,4.265999794006348,4.267039775848389,0
2025-05-08 12:00:00+00:00,4.267809867858887,4.270880222320557,4.265500068664551,4.26963996887207,0
2025-05-08 13:00:00+00:00,4.254350185394287,4.269599914550781,4.252999782562256,4.267640113830566,0
2025-05-08 14:00:00+00:00,4.258520126342773,4.260779857635498,4.253499984741211,4.254849910736084,0
2025-05-08 15:00:00+00:00,4.249090194702148,4.25885009765625,4.246500015258789,4.25885009765625,0
2025-05-08 16:00:00+00:00,4.246699810028076,4.249589920043945,4.245500087738037,4.248889923095703,0
2025-05-08 17:00:00+00:00,4.251560211181641,4.251729965209961,4.246500015258789,4.2469000816345215,0
2025-05-08 18:00:00+00:00,4.250840187072754,4.254149913787842,4.248499870300293,4.251510143280029,0
2025-05-08 19:00:00+00:00,4.2512898445129395,4.252600193023682,4.247000217437744,4.251220226287842,0
2025-05-08 20:00:00+00:00,4.247459888458252,4.249810218811035,4.246500015258789,4.249810218811035,0
2025-05-08 21:00:00+00:00,4.251100063323975,4.252799987792969,4.247700214385986,4.247700214385986,0
2025-05-08 22:00:00+00:00,4.252699851989746,4.255099773406982,4.250100135803223,4.250999927520752,0
2025-05-08 23:00:00+00:00,4.250500202178955,4.2540998458862305,4.248499870300293,4.2515997886657715,0
2025-05-09 00:00:00+00:00,4.247300148010254,4.253600120544434,4.247200012207031,4.253600120544434,0
2025-05-09 01:00:00+00:00,4.247570037841797,4.2480998039245605,4.247300148010254,4.247300148010254,0
2025-05-09 02:00:00+00:00,4.247419834136963,4.248199939727783,4.247340202331543,4.247580051422119,0
2025-05-09 03:00:00+00:00,4.247900009155273,4.2494001388549805,4.247089862823486,4.247439861297607,0
2025-05-09 04:00:00+00:00,4.247099876403809,4.248000144958496,4.247089862823486,4.247099876403809,0
2025-05-09 05:00:00+00:00,4.248000144958496,4.250699996948242,4.245999813079834,4.247099876403809,0
2025-05-09 06:00:00+00:00,4.246270179748535,4.248720169067383,4.244999885559082,4.2487101554870605,0
2025-05-09 07:00:00+00:00,4.241360187530518,4.24832010269165,4.239500045776367,4.246280193328857,0
2025-05-09 08:00:00+00:00,4.240699768066406,4.243410110473633,4.237500190734863,4.2407097816467285,0
2025-05-09 09:00:00+00:00,4.238500118255615,4.243000030517578,4.236999988555908,4.240990161895752,0
2025-05-09 10:00:00+00:00,4.236199855804443,4.238810062408447,4.233500003814697,4.238490104675293,0
2025-05-09 11:00:00+00:00,4.238249778747559,4.242199897766113,4.234000205993652,4.236259937286377,0
2025-05-09 12:00:00+00:00,4.236390113830566,4.239099979400635,4.232999801635742,4.2385101318359375,0
2025-05-09 13:00:00+00:00,4.237370014190674,4.239950180053711,4.233500003814697,4.236289978027344,0
2025-05-09 14:00:00+00:00,4.233089923858643,4.238399982452393,4.231500148773193,4.237329959869385,0
2025-05-09 15:00:00+00:00,4.232079982757568,4.23459005355835,4.229000091552734,4.233960151672363,0
2025-05-09 16:00:00+00:00,4.232699871063232,4.233799934387207,4.229499816894531,4.231900215148926,0
2025-05-09 17:00:00+00:00,4.2320098876953125,4.232999801635742,4.230199813842773,4.232339859008789,0
2025-05-09 18:00:00+00:00,4.231939792633057,4.2322998046875,4.231400012969971,4.232059955596924,0
2025-05-09 19:00:00+00:00,4.231639862060547,4.232600212097168,4.230000019073486,4.231880187988281,0
2025-05-09 20:00:00+00:00,4.230599880218506,4.231210231781006,4.22769021987915,4.230800151824951,0
2025-05-09 21:00:00+00:00,4.230500221252441,4.230500221252441,4.230500221252441,4.230500221252441,0
2025-05-11 23:00:00+00:00,4.234000205993652,4.235300064086914,4.227499961853027,4.228799819946289,0
2025-05-12 00:00:00+00:00,4.229499816894531,4.234099864959717,4.228899955749512,4.229879856109619,0
2025-05-12 01:00:00+00:00,4.22967004776001,4.230999946594238,4.228600025177002,4.229499816894531,0
2025-05-12 02:00:00+00:00,4.229690074920654,4.231100082397461,4.229000091552734,4.229680061340332,0
2025-05-12 03:00:00+00:00,4.229800224304199,4.230999946594238,4.229499816894531,4.229619979858398,0
2025-05-12 04:00:00+00:00,4.229800224304199,4.230999946594238,4.229479789733887,4.229800224304199,0
2025-05-12 05:00:00+00:00,4.232210159301758,4.232399940490723,4.2293901443481445,4.229800224304199,0
2025-05-12 06:00:00+00:00,4.233449935913086,4.233449935913086,4.229000091552734,4.233240127563477,0
2025-05-12 07:00:00+00:00,4.229489803314209,4.231810092926025,4.224999904632568,4.231810092926025,0
2025-05-12 08:00:00+00:00,4.229499816894531,4.235300064086914,4.228000164031982,4.229400157928467,0
2025-05-12 09:00:00+00:00,4.23298978805542,4.2340497970581055,4.228000164031982,4.2322001457214355,0
2025-05-12 10:00:00+00:00,4.239260196685791,4.240149974822998,4.231500148773193,4.233029842376709,0
2025-05-12 11:00:00+00:00,4.239880084991455,4.241720199584961,4.234000205993652,4.239610195159912,0
2025-05-12 12:00:00+00:00,4.244909763336182,4.246089935302734,4.236999988555908,4.239630222320557,0
2025-05-12 13:00:00+00:00,4.246129989624023,4.249619960784912,4.239999771118164,4.244319915771484,0
2025-05-12 14:00:00+00:00,4.243420124053955,4.246880054473877,4.240499973297119,4.2459797859191895,0
2025-05-12 15:00:00+00:00,4.244760036468506,4.245359897613525,4.240499973297119,4.243949890136719,0
2025-05-12 16:00:00+00:00,4.2417402267456055,4.2484002113342285,4.241499900817871,4.244460105895996,0
2025-05-12 17:00:00+00:00,4.242559909820557,4.24560022354126,4.239999771118164,4.241779804229736,0
2025-05-12 18:00:00+00:00,4.240600109100342,4.24399995803833,4.239500045776367,4.242869853973389,0
2025-05-12 19:00:00+00:00,4.237599849700928,4.241300106048584,4.236499786376953,4.240560054779053,0
2025-05-12 20:00:00+00:00,4.239930152893066,4.241399765014648,4.235000133514404,4.236000061035156,0
2025-05-12 21:00:00+00:00,4.241199970245361,4.241300106048584,4.238500118255615,4.240200042724609,0
2025-05-12 22:00:00+00:00,4.241300106048584,4.2418999671936035,4.238500118255615,4.2418999671936035,0
2025-05-12 23:00:00+00:00,4.236800193786621,4.2418999671936035,4.236800193786621,4.23829984664917,0
2025-05-13 00:00:00+00:00,4.240149974822998,4.241300106048584,4.2358198165893555,4.238999843597412,0
2025-05-13 01:00:00+00:00,4.237199783325195,4.240900039672852,4.236800193786621,4.2398600578308105,0
2025-05-13 02:00:00+00:00,4.238999843597412,4.240900039672852,4.236800193786621,4.237199783325195,0
2025-05-13 03:00:00+00:00,4.237889766693115,4.241099834442139,4.236700057983398,4.239299774169922,0
2025-05-13 04:00:00+00:00,4.238100051879883,4.2399001121521,4.236700057983398,4.238120079040527,0
2025-05-13 05:00:00+00:00,4.237100124359131,4.240799903869629,4.2368998527526855,4.237770080566406,0
2025-05-13 06:00:00+00:00,4.249330043792725,4.249499797821045,4.237199783325195,4.237199783325195,0
2025-05-13 07:00:00+00:00,4.249129772186279,4.250400066375732,4.246500015258789,4.24970006942749,0
2025-05-13 08:00:00+00:00,4.25167989730835,4.254680156707764,4.247499942779541,4.249430179595947,0
2025-05-13 09:00:00+00:00,4.248799800872803,4.251830101013184,4.246500015258789,4.247829914093018,0
2025-05-13 10:00:00+00:00,4.24783992767334,4.251100063323975,4.245999813079834,4.247499942779541,0
2025-05-13 11:00:00+00:00,4.249000072479248,4.251969814300537,4.245500087738037,4.248020172119141,0
2025-05-13 12:00:00+00:00,4.250100135803223,4.252860069274902,4.246799945831299,4.248799800872803,0
2025-05-13 13:00:00+00:00,4.242770195007324,4.250909805297852,4.241000175476074,4.250199794769287,0
2025-05-13 14:00:00+00:00,4.236499786376953,4.244500160217285,4.235000133514404,4.242889881134033,0
2025-05-13 15:00:00+00:00,4.23199987411499,4.237929821014404,4.230999946594238,4.236660003662109,0
2025-05-13 16:00:00+00:00,4.233799934387207,4.235199928283691,4.232719898223877,4.234670162200928,0
2025-05-13 17:00:00+00:00,4.233550071716309,4.234600067138672,4.233109951019287,4.233739852905273,0
2025-05-13 18:00:00+00:00,4.2334699630737305,4.235010147094727,4.230999946594238,4.233500003814697,0
2025-05-13 19:00:00+00:00,4.234389781951904,4.23514986038208,4.23199987411499,4.233819961547852,0
2025-05-13 20:00:00+00:00,4.233399868011475,4.237750053405762,4.231840133666992,4.234570026397705,0
2025-05-13 21:00:00+00:00,4.233500003814697,4.2382001876831055,4.2322001457214355,4.232999801635742,0
2025-05-13 22:00:00+00:00,4.2347002029418945,4.238999843597412,4.2347002029418945,4.2347002029418945,0
2025-05-13 23:00:00+00:00,4.23829984664917,4.239299774169922,4.2347002029418945,4.239099979400635,0
2025-05-14 00:00:00+00:00,4.236199855804443,4.238100051879883,4.233500003814697,4.23799991607666,0
2025-05-14 01:00:00+00:00,4.235400199890137,4.238500118255615,4.2345099449157715,4.236000061035156,0
2025-05-14 02:00:00+00:00,4.235300064086914,4.236700057983398,4.23390007019043,4.235499858856201,0
2025-05-14 03:00:00+00:00,4.237299919128418,4.237599849700928,4.234600067138672,4.235400199890137,0
2025-05-14 04:00:00+00:00,4.235400199890137,4.240300178527832,4.235000133514404,4.235000133514404,0
2025-05-14 05:00:00+00:00,4.235400199890137,4.237500190734863,4.2342000007629395,4.2357001304626465,0
2025-05-14 06:00:00+00:00,4.237730026245117,4.238999843597412,4.233789920806885,4.233789920806885,0
2025-05-14 07:00:00+00:00,4.243120193481445,4.245850086212158,4.235499858856201,4.237669944763184,0
2025-05-14 08:00:00+00:00,4.244120121002197,4.245200157165527,4.239500045776367,4.243120193481445,0
2025-05-14 09:00:00+00:00,4.247910022735596,4.247910022735596,4.242000102996826,4.244510173797607,0
2025-05-14 10:00:00+00:00,4.244420051574707,4.248849868774414,4.242000102996826,4.247769832611084,0
2025-05-14 11:00:00+00:00,4.239880084991455,4.2445597648620605,4.238500118255615,4.244470119476318,0
2025-05-14 12:00:00+00:00,4.235310077667236,4.241960048675537,4.23199987411499,4.240059852600098,0
2025-05-14 13:00:00+00:00,4.234260082244873,4.235919952392578,4.230000019073486,4.235420227050781,0
2025-05-14 14:00:00+00:00,4.229300022125244,4.233829975128174,4.223999977111816,4.232500076293945,0
2025-05-14 15:00:00+00:00,4.231100082397461,4.233439922332764,4.227499961853027,4.227499961853027,0
2025-05-14 16:00:00+00:00,4.230899810791016,4.232399940490723,4.227399826049805,4.231200218200684,0
2025-05-14 17:00:00+00:00,4.231659889221191,4.232900142669678,4.229499816894531,4.230800151824951,0
2025-05-14 18:00:00+00:00,4.2316999435424805,4.2316999435424805,4.230599880218506,4.231619834899902,0
2025-05-14 19:00:00+00:00,4.229899883270264,4.232999801635742,4.229599952697754,4.2316999435424805,0
2025-05-14 20:00:00+00:00,4.229300022125244,4.231400012969971,4.22790002822876,4.23022985458374,0
2025-05-14 21:00:00+00:00,4.230400085449219,4.232600212097168,4.227799892425537,4.228499889373779,0
2025-05-14 22:00:00+00:00,4.229100227355957,4.231299877166748,4.228300094604492,4.228600025177002,0
2025-05-14 23:00:00+00:00,4.230599880218506,4.231200218200684,4.2291998863220215,4.2307000160217285,0
2025-05-15 00:00:00+00:00,4.229800224304199,4.23199987411499,4.2278900146484375,4.229300022125244,0
2025-05-15 01:00:00+00:00,4.22845983505249,4.2316999435424805,4.227479934692383,4.229800224304199,0
2025-05-15 02:00:00+00:00,4.229300022125244,4.231200218200684,4.228109836578369,4.228960037231445,0
2025-05-15 03:00:00+00:00,4.230160236358643,4.230899810791016,4.227570056915283,4.229300022125244,0
2025-05-15 04:00:00+00:00,4.230410099029541,4.231200218200684,4.229790210723877,4.23015022277832,0
2025-05-15 05:00:00+00:00,4.231659889221191,4.232999801635742,4.229340076446533,4.231919765472412,0
2025-05-15 06:00:00+00:00,4.2329301834106445,4.235099792480469,4.230000019073486,4.2322998046875,0
2025-05-15 07:00:00+00:00,4.234360218048096,4.236800193786621,4.229000091552734,4.232960224151611,0
2025-05-15 08:00:00+00:00,4.234000205993652,4.238080024719238,4.228000164031982,4.234879970550537,0
2025-05-15 09:00:00+00:00,4.239220142364502,4.239930152893066,4.229959964752197,4.229959964752197,0
2025-05-15 10:00:00+00:00,4.238719940185547,4.243199825286865,4.232999801635742,4.239840030670166,0
2025-05-15 11:00:00+00:00,4.240180015563965,4.241099834442139,4.236000061035156,4.238709926605225,0
2025-05-15 12:00:00+00:00,4.243589878082275,4.244229793548584,4.235499858856201,4.23799991607666,0
2025-05-15 13:00:00+00:00,4.245100021362305,4.248260021209717,4.241499900817871,4.243659973144531,0
2025-05-15 14:00:00+00:00,4.248839855194092,4.248869895935059,4.241000175476074,4.244969844818115,0
2025-05-15 15:00:00+00:00,4.250430107116699,4.251890182495117,4.245999813079834,4.248690128326416,0
2025-05-15 16:00:00+00:00,4.247330188751221,4.251659870147705,4.245999813079834,4.250060081481934,0
2025-05-15 17:00:00+00:00,4.247900009155273,4.248899936676025,4.24675989151001,4.247330188751221,0
2025-05-15 18:00:00+00:00,4.2487897872924805,4.250400066375732,4.247000217437744,4.248300075531006,0
2025-05-15 19:00:00+00:00,4.248799800872803,4.250199794769287,4.2484002113342285,4.2487101554870605,0
2025-05-15 20:00:00+00:00,4.24399995803833,4.25,4.242400169372559,4.248819828033447,0
2025-05-15 21:00:00+00:00,4.242800235748291,4.2469000816345215,4.242000102996826,4.24429988861084,0
2025-05-15 22:00:00+00:00,4.243299961090088,4.2469000816345215,4.243100166320801,4.243100166320801,0
2025-05-15 23:00:00+00:00,4.244500160217285,4.247200012207031,4.24399995803833,4.246799945831299,0
2025-05-16 00:00:00+00:00,4.247729778289795,4.248600006103516,4.244480133056641,4.244530200958252,0
2025-05-16 01:00:00+00:00,4.247270107269287,4.248799800872803,4.2451701164245605,4.247560024261475,0
2025-05-16 02:00:00+00:00,4.2470197677612305,4.248000144958496,4.246399879455566,4.247250080108643,0
2025-05-16 03:00:00+00:00,4.248079776763916,4.24970006942749,4.247029781341553,4.24714994430542,0
2025-05-16 04:00:00+00:00,4.247580051422119,4.249599933624268,4.246789932250977,4.248109817504883,0
2025-05-16 05:00:00+00:00,4.247610092163086,4.248899936676025,4.246220111846924,4.247809886932373,0
2025-05-16 06:00:00+00:00,4.244639873504639,4.25108003616333,4.242000102996826,4.248459815979004,0
2025-05-16 07:00:00+00:00,4.241000175476074,4.247350215911865,4.241000175476074,4.2444000244140625,0
2025-05-16 08:00:00+00:00,4.236999988555908,4.2439398765563965,4.236000061035156,4.243619918823242,0
2025-05-16 09:00:00+00:00,4.242310047149658,4.244339942932129,4.237500190734863,4.239830017089844,0
2025-05-16 10:00:00+00:00,4.248640060424805,4.249800205230713,4.239999771118164,4.242720127105713,0
2025-05-16 11:00:00+00:00,4.252389907836914,4.253499984741211,4.247000217437744,4.2494797706604,0
2025-05-16 12:00:00+00:00,4.262360095977783,4.265719890594482,4.250500202178955,4.252289772033691,0
2025-05-16 13:00:00+00:00,4.261300086975098,4.267280101776123,4.258500099182129,4.263020038604736,0
2025-05-16 14:00:00+00:00,4.2666401863098145,4.26977014541626,4.261899948120117,4.26255989074707,0
2025-05-16 15:00:00+00:00,4.267970085144043,4.2706499099731445,4.264999866485596,4.266369819641113,0
2025-05-16 16:00:00+00:00,4.264150142669678,4.268449783325195,4.262899875640869,4.267690181732178,0
2025-05-16 17:00:00+00:00,4.263999938964844,4.265100002288818,4.26200008392334,4.26423978805542,0
2025-05-16 18:00:00+00:00,4.264840126037598,4.2652997970581055,4.263700008392334,4.263740062713623,0
2025-05-16 19:00:00+00:00,4.264800071716309,4.265500068664551,4.263700008392334,4.265059947967529,0
2025-05-16 20:00:00+00:00,4.26639986038208,4.267399787902832,4.262499809265137,4.264890193939209,0
2025-05-16 21:00:00+00:00,4.266600131988525,4.266600131988525,4.266600131988525,4.266600131988525,0
2025-05-18 23:00:00+00:00,4.273200035095215,4.276899814605713,4.268899917602539,4.274799823760986,0
2025-05-19 00:00:00+00:00,4.284689903259277,4.284689903259277,4.269830226898193,4.269830226898193,0
2025-05-19 01:00:00+00:00,4.2820000648498535,4.285900115966797,4.2820000648498535,4.2847700119018555,0
2025-05-19 02:00:00+00:00,4.281720161437988,4.282129764556885,4.28000020980835,4.2820000648498535,0
2025-05-19 03:00:00+00:00,4.284800052642822,4.284999847412109,4.2804999351501465,4.281610012054443,0
2025-05-19 04:00:00+00:00,4.284800052642822,4.285200119018555,4.2820000648498535,4.284800052642822,0
2025-05-19 05:00:00+00:00,4.287799835205078,4.289899826049805,4.28249979019165,4.284800052642822,0
2025-05-19 06:00:00+00:00,4.281030178070068,4.288829803466797,4.276500225067139,4.288300037384033,0
2025-05-19 07:00:00+00:00,4.271389961242676,4.286049842834473,4.269000053405762,4.280879974365234,0
2025-05-19 08:00:00+00:00,4.2776198387146,4.277900218963623,4.269000053405762,4.271520137786865,0
2025-05-19 09:00:00+00:00,4.271999835968018,4.281169891357422,4.269000053405762,4.279530048370361,0
2025-05-19 10:00:00+00:00,4.27262020111084,4.27400016784668,4.267000198364258,4.271999835968018,0
2025-05-19 11:00:00+00:00,4.267290115356445,4.274400234222412,4.264999866485596,4.272769927978516,0
2025-05-19 12:00:00+00:00,4.264530181884766,4.268899917602539,4.260499954223633,4.2677998542785645,0
2025-05-19 13:00:00+00:00,4.256820201873779,4.264679908752441,4.25600004196167,4.26455020904541,0
2025-05-19 14:00:00+00:00,4.251369953155518,4.261149883270264,4.25,4.257929801940918,0
2025-05-19 15:00:00+00:00,4.246399879455566,4.252820014953613,4.24399995803833,4.250500202178955,0
2025-05-19 16:00:00+00:00,4.244850158691406,4.246769905090332,4.244110107421875,4.24606990814209,0
2025-05-19 17:00:00+00:00,4.245920181274414,4.246500015258789,4.24370002746582,4.24429988861084,0
2025-05-19 18:00:00+00:00,4.24560022354126,4.247099876403809,4.2451300621032715,4.245830059051514,0
2025-05-19 19:00:00+00:00,4.2484002113342285,4.250199794769287,4.245100021362305,4.2451300621032715,0
2025-05-19 20:00:00+00:00,4.248300075531006,4.251500129699707,4.247970104217529,4.249300003051758,0
2025-05-19 21:00:00+00:00,4.246600151062012,4.247000217437744,4.241399765014648,4.246799945831299,0
2025-05-19 22:00:00+00:00,4.248199939727783,4.251200199127197,4.2444000244140625,4.2484002113342285,0
2025-05-19 23:00:00+00:00,4.245800018310547,4.251200199127197,4.245299816131592,4.246500015258789,0
2025-05-20 00:00:00+00:00,4.248660087585449,4.251200199127197,4.243000030517578,4.243000030517578,0
2025-05-20 01:00:00+00:00,4.250579833984375,4.250790119171143,4.247499942779541,4.248569965362549,0
2025-05-20 02:00:00+00:00,4.2497100830078125,4.252099990844727,4.248889923095703,4.250899791717529,0
2025-05-20 03:00:00+00:00,4.249569892883301,4.251299858093262,4.2488298416137695,4.249750137329102,0
2025-05-20 04:00:00+00:00,4.2495598793029785,4.251200199127197,4.2486701011657715,4.2495598793029785,0
2025-05-20 05:00:00+00:00,4.245699882507324,4.250100135803223,4.245339870452881,4.249080181121826,0
2025-05-20 06:00:00+00:00,4.243330001831055,4.247799873352051,4.241499900817871,4.245999813079834,0
2025-05-20 07:00:00+00:00,4.25,4.254799842834473,4.240499973297119,4.243330001831055,0
2025-05-20 08:00:00+00:00,4.249110221862793,4.257199764251709,4.247499942779541,4.251440048217773,0
2025-05-20 09:00:00+00:00,4.244870185852051,4.250500202178955,4.241499900817871,4.249020099639893,0
2025-05-20 10:00:00+00:00,4.241380214691162,4.247099876403809,4.239500045776367,4.242000102996826,0
2025-05-20 11:00:00+00:00,4.246310234069824,4.247200012207031,4.239999771118164,4.241960048675537,0
2025-05-20 12:00:00+00:00,4.246789932250977,4.247950077056885,4.243500232696533,4.246689796447754,0
2025-05-20 13:00:00+00:00,4.244870185852051,4.248899936676025,4.242499828338623,4.246669769287109,0
2025-05-20 14:00:00+00:00,4.241650104522705,4.245500087738037,4.238999843597412,4.244890213012695,0
2025-05-20 15:00:00+00:00,4.239739894866943,4.24370002746582,4.236999988555908,4.240990161895752,0
2025-05-20 16:00:00+00:00,4.236539840698242,4.24098014831543,4.235000133514404,4.239449977874756,0
2025-05-20 17:00:00+00:00,4.237949848175049,4.238999843597412,4.233500003814697,4.236539840698242,0
2025-05-20 18:00:00+00:00,4.237860202789307,4.239999771118164,4.234000205993652,4.2374701499938965,0
2025-05-20 19:00:00+00:00,4.237080097198486,4.240699768066406,4.237080097198486,4.237969875335693,0
2025-05-20 20:00:00+00:00,4.236559867858887,4.238100051879883,4.235199928283691,4.236830234527588,0
2025-05-20 21:00:00+00:00,4.234809875488281,4.237500190734863,4.233709812164307,4.235300064086914,0
2025-05-20 22:00:00+00:00,4.236000061035156,4.237199783325195,4.234799861907959,4.235159873962402,0
2025-05-20 23:00:00+00:00,4.237229824066162,4.238100051879883,4.234899997711182,4.236000061035156,0
2025-05-21 00:00:00+00:00,4.236800193786621,4.2403998374938965,4.235750198364258,4.237390041351318,0
2025-05-21 01:00:00+00:00,4.239630222320557,4.240799903869629,4.236400127410889,4.236539840698242,0
2025-05-21 02:00:00+00:00,4.239029884338379,4.24459981918335,4.23675012588501,4.239160060882568,0
2025-05-21 03:00:00+00:00,4.240799903869629,4.24370002746582,4.2380900382995605,4.239389896392822,0
2025-05-21 04:00:00+00:00,4.24137020111084,4.243299961090088,4.238619804382324,4.240799903869629,0
2025-05-21 05:00:00+00:00,4.242809772491455,4.244160175323486,4.236199855804443,4.2411699295043945,0
2025-05-21 06:00:00+00:00,4.242589950561523,4.2428297996521,4.235799789428711,4.238800048828125,0
2025-05-21 07:00:00+00:00,4.240300178527832,4.245200157165527,4.239500045776367,4.242340087890625,0
2025-05-21 08:00:00+00:00,4.239319801330566,4.24399995803833,4.233500003814697,4.242499828338623,0
2025-05-21 09:00:00+00:00,4.24606990814209,4.247200012207031,4.239290237426758,4.239290237426758,0
2025-05-21 10:00:00+00:00,4.247739791870117,4.2501702308654785,4.243000030517578,4.2466301918029785,0
2025-05-21 11:00:00+00:00,4.243189811706543,4.24793004989624,4.242000102996826,4.247719764709473,0
2025-05-21 12:00:00+00:00,4.246089935302734,4.246500015258789,4.238999843597412,4.241499900817871,0
2025-05-21 13:00:00+00:00,4.2393798828125,4.247000217437744,4.237500190734863,4.246089935302734,0
2025-05-21 14:00:00+00:00,4.239039897918701,4.240600109100342,4.236999988555908,4.239250183105469,0
2025-05-21 15:00:00+00:00,4.238659858703613,4.240200042724609,4.238399982452393,4.238920211791992,0
2025-05-21 16:00:00+00:00,4.240270137786865,4.241109848022461,4.237500190734863,4.23859977722168,0
2025-05-21 17:00:00+00:00,4.242259979248047,4.242330074310303,4.23799991607666,4.239799976348877,0
2025-05-21 18:00:00+00:00,4.242869853973389,4.24399995803833,4.238999843597412,4.238999843597412,0
2025-05-21 19:00:00+00:00,4.243410110473633,4.244200229644775,4.241000175476074,4.242660045623779,0
2025-05-21 20:00:00+00:00,4.239389896392822,4.24439001083374,4.239319801330566,4.243430137634277,0
2025-05-21 21:00:00+00:00,4.237400054931641,4.243000030517578,4.236800193786621,4.239500045776367,0
2025-05-21 22:00:00+00:00,4.237949848175049,4.243299961090088,4.23553991317749,4.23553991317749,0
2025-05-21 23:00:00+00:00,4.239109992980957,4.243299961090088,4.237430095672607,4.240499973297119,0
2025-05-22 00:00:00+00:00,4.241799831390381,4.2434000968933105,4.239640235900879,4.239640235900879,0
2025-05-22 01:00:00+00:00,4.240799903869629,4.243500232696533,4.240300178527832,4.241799831390381,0
2025-05-22 02:00:00+00:00,4.240799903869629,4.243599891662598,4.240300178527832,4.240799903869629,0
2025-05-22 03:00:00+00:00,4.240990161895752,4.243100166320801,4.240300178527832,4.240799903869629,0
2025-05-22 04:00:00+00:00,4.241799831390381,4.243299961090088,4.240799903869629,4.240799903869629,0
2025-05-22 05:00:00+00:00,4.239749908447266,4.242599964141846,4.238920211791992,4.241799831390381,0
2025-05-22 06:00:00+00:00,4.241700172424316,4.244180202484131,4.239309787750244,4.239870071411133,0
2025-05-22 07:00:00+00:00,4.241300106048584,4.246799945831299,4.239500045776367,4.241360187530518,0
2025-05-22 08:00:00+00:00,4.243989944458008,4.244229793548584,4.239999771118164,4.241559982299805,0
2025-05-22 09:00:00+00:00,4.24567985534668,4.2487897872924805,4.242499828338623,4.242499828338623,0
2025-05-22 10:00:00+00:00,4.244239807128906,4.246500015258789,4.242000102996826,4.243500232696533,0
2025-05-22 11:00:00+00:00,4.244619846343994,4.2448601722717285,4.240499973297119,4.244120121002197,0
2025-05-22 12:00:00+00:00,4.246150016784668,4.246640205383301,4.242499828338623,4.244740009307861,0
2025-05-22 13:00:00+00:00,4.248970031738281,4.251150131225586,4.244500160217285,4.246349811553955,0
2025-05-22 14:00:00+00:00,4.248000144958496,4.252130031585693,4.244999885559082,4.245500087738037,0
2025-05-22 15:00:00+00:00,4.251150131225586,4.251800060272217,4.247000217437744,4.2487897872924805,0
2025-05-22 16:00:00+00:00,4.25255012512207,4.252999782562256,4.248499870300293,4.2513298988342285,0
2025-05-22 17:00:00+00:00,4.251359939575195,4.2530999183654785,4.250899791717529,4.252299785614014,0
2025-05-22 18:00:00+00:00,4.251500129699707,4.252600193023682,4.251090049743652,4.251450061798096,0
2025-05-22 19:00:00+00:00,4.2507500648498535,4.252099990844727,4.250110149383545,4.251100063323975,0
2025-05-22 20:00:00+00:00,4.245800018310547,4.251200199127197,4.245580196380615,4.250470161437988,0
2025-05-22 21:00:00+00:00,4.246099948883057,4.250800132751465,4.245389938354492,4.248199939727783,0
2025-05-22 22:00:00+00:00,4.246260166168213,4.250800132751465,4.245999813079834,4.246250152587891,0